"source","item","unit","vint","revs","id","period","value"
"OeNB","Real GDP","ann change %","mar2025","Spring 2025","202501","2025",-0.1
"OeNB","Real GDP","ann change %","mar2025","Spring 2025","202501","2026",1.2
"OeNB","Real GDP","ann change %","mar2025","Spring 2025","202501","2027",1.2
"WIFO","Real GDP","ann change %","mar2025","Spring 2025","202501","2025",-0.3
"WIFO","Real GDP","ann change %","mar2025","Spring 2025","202501","2026",1.2
"IHS","Real GDP","ann change %","mar2025","Spring 2025","202501","2025",-0.2
"IHS","Real GDP","ann change %","mar2025","Spring 2025","202501","2026",1.1
"OECD","Real GDP","ann change %","dec2024","Winter 2024","202404","2025",1.1
"OECD","Real GDP","ann change %","dec2024","Winter 2024","202404","2026",1.4
"IMF","Real GDP","ann change %","oct2024","Autumn 2024","202403","2025",1.1
"EC","Real GDP","ann change %","nov2024","Autumn 2024","202403","2025",1
"EC","Real GDP","ann change %","nov2024","Autumn 2024","202403","2026",1.4
"OeNB","Real private consumption","ann change %","mar2025","Spring 2025","202501","2025",NA
"OeNB","Real private consumption","ann change %","mar2025","Spring 2025","202501","2026",NA
"OeNB","Real private consumption","ann change %","mar2025","Spring 2025","202501","2027",NA
"WIFO","Real private consumption","ann change %","mar2025","Spring 2025","202501","2025",0.2
"WIFO","Real private consumption","ann change %","mar2025","Spring 2025","202501","2026",1.4
"IHS","Real private consumption","ann change %","mar2025","Spring 2025","202501","2025",0.8
"IHS","Real private consumption","ann change %","mar2025","Spring 2025","202501","2026",0.9
"OECD","Real private consumption","ann change %","dec2024","Winter 2024","202404","2025",1.4
"OECD","Real private consumption","ann change %","dec2024","Winter 2024","202404","2026",1.8
"IMF","Real private consumption","ann change %","oct2024","Autumn 2024","202403","2025",NA
"EC","Real private consumption","ann change %","nov2024","Autumn 2024","202403","2025",1
"EC","Real private consumption","ann change %","nov2024","Autumn 2024","202403","2026",1.2
"OeNB","Real government consumption","ann change %","mar2025","Spring 2025","202501","2025",NA
"OeNB","Real government consumption","ann change %","mar2025","Spring 2025","202501","2026",NA
"OeNB","Real government consumption","ann change %","mar2025","Spring 2025","202501","2027",NA
"WIFO","Real government consumption","ann change %","mar2025","Spring 2025","202501","2025",-0.3
"WIFO","Real government consumption","ann change %","mar2025","Spring 2025","202501","2026",0.6
"IHS","Real government consumption","ann change %","mar2025","Spring 2025","202501","2025",-1.5
"IHS","Real government consumption","ann change %","mar2025","Spring 2025","202501","2026",-1
"OECD","Real government consumption","ann change %","dec2024","Winter 2024","202404","2025",1
"OECD","Real government consumption","ann change %","dec2024","Winter 2024","202404","2026",1
"IMF","Real government consumption","ann change %","oct2024","Autumn 2024","202403","2025",NA
"EC","Real government consumption","ann change %","nov2024","Autumn 2024","202403","2025",0.5
"EC","Real government consumption","ann change %","nov2024","Autumn 2024","202403","2026",0.2
"OeNB","Real gross fixed capital formation","ann change %","mar2025","Spring 2025","202501","2025",NA
"OeNB","Real gross fixed capital formation","ann change %","mar2025","Spring 2025","202501","2026",NA
"OeNB","Real gross fixed capital formation","ann change %","mar2025","Spring 2025","202501","2027",NA
"WIFO","Real gross fixed capital formation","ann change %","mar2025","Spring 2025","202501","2025",-0.7
"WIFO","Real gross fixed capital formation","ann change %","mar2025","Spring 2025","202501","2026",1.8
"IHS","Real gross fixed capital formation","ann change %","mar2025","Spring 2025","202501","2025",-0.9
"IHS","Real gross fixed capital formation","ann change %","mar2025","Spring 2025","202501","2026",0.8
"OECD","Real gross fixed capital formation","ann change %","dec2024","Winter 2024","202404","2025",0.1
"OECD","Real gross fixed capital formation","ann change %","dec2024","Winter 2024","202404","2026",1.6
"IMF","Real gross fixed capital formation","ann change %","oct2024","Autumn 2024","202403","2025",NA
"EC","Real gross fixed capital formation","ann change %","nov2024","Autumn 2024","202403","2025",1.2
"EC","Real gross fixed capital formation","ann change %","nov2024","Autumn 2024","202403","2026",2.1
"OeNB","Real exports","ann change %","mar2025","Spring 2025","202501","2025",NA
"OeNB","Real exports","ann change %","mar2025","Spring 2025","202501","2026",NA
"OeNB","Real exports","ann change %","mar2025","Spring 2025","202501","2027",NA
"WIFO","Real exports","ann change %","mar2025","Spring 2025","202501","2025",-0.9
"WIFO","Real exports","ann change %","mar2025","Spring 2025","202501","2026",1.7
"IHS","Real exports","ann change %","mar2025","Spring 2025","202501","2025",0.5
"IHS","Real exports","ann change %","mar2025","Spring 2025","202501","2026",1.8
"OECD","Real exports","ann change %","dec2024","Winter 2024","202404","2025",2.2
"OECD","Real exports","ann change %","dec2024","Winter 2024","202404","2026",2.5
"IMF","Real exports","ann change %","oct2024","Autumn 2024","202403","2025",3.4
"EC","Real exports","ann change %","nov2024","Autumn 2024","202403","2025",2.2
"EC","Real exports","ann change %","nov2024","Autumn 2024","202403","2026",2.7
"OeNB","Real imports","ann change %","mar2025","Spring 2025","202501","2025",NA
"OeNB","Real imports","ann change %","mar2025","Spring 2025","202501","2026",NA
"OeNB","Real imports","ann change %","mar2025","Spring 2025","202501","2027",NA
"WIFO","Real imports","ann change %","mar2025","Spring 2025","202501","2025",-0.2
"WIFO","Real imports","ann change %","mar2025","Spring 2025","202501","2026",2.1
"IHS","Real imports","ann change %","mar2025","Spring 2025","202501","2025",0.7
"IHS","Real imports","ann change %","mar2025","Spring 2025","202501","2026",1.6
"OECD","Real imports","ann change %","dec2024","Winter 2024","202404","2025",2.8
"OECD","Real imports","ann change %","dec2024","Winter 2024","202404","2026",2.9
"IMF","Real imports","ann change %","oct2024","Autumn 2024","202403","2025",3.6
"EC","Real imports","ann change %","nov2024","Autumn 2024","202403","2025",2.2
"EC","Real imports","ann change %","nov2024","Autumn 2024","202403","2026",2.3
"OeNB","Labour productivity","ann change %","mar2025","Spring 2025","202501","2025",NA
"OeNB","Labour productivity","ann change %","mar2025","Spring 2025","202501","2026",NA
"OeNB","Labour productivity","ann change %","mar2025","Spring 2025","202501","2027",NA
"WIFO","Labour productivity","ann change %","mar2025","Spring 2025","202501","2025",-0.2
"WIFO","Labour productivity","ann change %","mar2025","Spring 2025","202501","2026",0.3
"IHS","Labour productivity","ann change %","mar2025","Spring 2025","202501","2025",-0.4
"IHS","Labour productivity","ann change %","mar2025","Spring 2025","202501","2026",0.6
"OECD","Labour productivity","ann change %","dec2024","Winter 2024","202404","2025",1.1
"OECD","Labour productivity","ann change %","dec2024","Winter 2024","202404","2026",1.3
"IMF","Labour productivity","ann change %","oct2024","Autumn 2024","202403","2025",NA
"EC","Labour productivity","ann change %","nov2024","Autumn 2024","202403","2025",0.4
"EC","Labour productivity","ann change %","nov2024","Autumn 2024","202403","2026",0.8
"OeNB","GDP deflator","ann change %","mar2025","Spring 2025","202501","2025",NA
"OeNB","GDP deflator","ann change %","mar2025","Spring 2025","202501","2026",NA
"OeNB","GDP deflator","ann change %","mar2025","Spring 2025","202501","2027",NA
"WIFO","GDP deflator","ann change %","mar2025","Spring 2025","202501","2025",2.4
"WIFO","GDP deflator","ann change %","mar2025","Spring 2025","202501","2026",2
"IHS","GDP deflator","ann change %","mar2025","Spring 2025","202501","2025",2.3
"IHS","GDP deflator","ann change %","mar2025","Spring 2025","202501","2026",2
"OECD","GDP deflator","ann change %","dec2024","Winter 2024","202404","2025",2.4
"OECD","GDP deflator","ann change %","dec2024","Winter 2024","202404","2026",1.7
"IMF","GDP deflator","ann change %","oct2024","Autumn 2024","202403","2025",2.5
"EC","GDP deflator","ann change %","nov2024","Autumn 2024","202403","2025",2.3
"EC","GDP deflator","ann change %","nov2024","Autumn 2024","202403","2026",1.9
"OeNB","CPI","ann change %","mar2025","Spring 2025","202501","2025",NA
"OeNB","CPI","ann change %","mar2025","Spring 2025","202501","2026",NA
"OeNB","CPI","ann change %","mar2025","Spring 2025","202501","2027",NA
"WIFO","CPI","ann change %","mar2025","Spring 2025","202501","2025",2.7
"WIFO","CPI","ann change %","mar2025","Spring 2025","202501","2026",2.1
"IHS","CPI","ann change %","mar2025","Spring 2025","202501","2025",2.9
"IHS","CPI","ann change %","mar2025","Spring 2025","202501","2026",2
"OECD","CPI","ann change %","dec2024","Winter 2024","202404","2025",NA
"OECD","CPI","ann change %","dec2024","Winter 2024","202404","2026",NA
"IMF","CPI","ann change %","oct2024","Autumn 2024","202403","2025",NA
"EC","CPI","ann change %","nov2024","Autumn 2024","202403","2025",NA
"EC","CPI","ann change %","nov2024","Autumn 2024","202403","2026",NA
"OeNB","HICP","ann change %","mar2025","Spring 2025","202501","2025",2.9
"OeNB","HICP","ann change %","mar2025","Spring 2025","202501","2026",2.3
"OeNB","HICP","ann change %","mar2025","Spring 2025","202501","2027",2.1
"WIFO","HICP","ann change %","mar2025","Spring 2025","202501","2025",2.8
"WIFO","HICP","ann change %","mar2025","Spring 2025","202501","2026",2.1
"IHS","HICP","ann change %","mar2025","Spring 2025","202501","2025",3
"IHS","HICP","ann change %","mar2025","Spring 2025","202501","2026",2
"OECD","HICP","ann change %","dec2024","Winter 2024","202404","2025",2.1
"OECD","HICP","ann change %","dec2024","Winter 2024","202404","2026",2
"IMF","HICP","ann change %","oct2024","Autumn 2024","202403","2025",2.5
"EC","HICP","ann change %","nov2024","Autumn 2024","202403","2025",2.1
"EC","HICP","ann change %","nov2024","Autumn 2024","202403","2026",1.7
"OeNB","Payroll employment","ann change %","mar2025","Spring 2025","202501","2025",NA
"OeNB","Payroll employment","ann change %","mar2025","Spring 2025","202501","2026",NA
"OeNB","Payroll employment","ann change %","mar2025","Spring 2025","202501","2027",NA
"WIFO","Payroll employment","ann change %","mar2025","Spring 2025","202501","2025",0.3
"WIFO","Payroll employment","ann change %","mar2025","Spring 2025","202501","2026",0.8
"IHS","Payroll employment","ann change %","mar2025","Spring 2025","202501","2025",0.2
"IHS","Payroll employment","ann change %","mar2025","Spring 2025","202501","2026",0.5
"OECD","Payroll employment","ann change %","dec2024","Winter 2024","202404","2025",NA
"OECD","Payroll employment","ann change %","dec2024","Winter 2024","202404","2026",0.1
"IMF","Payroll employment","ann change %","oct2024","Autumn 2024","202403","2025",0.3
"EC","Payroll employment","ann change %","nov2024","Autumn 2024","202403","2025",0.5
"EC","Payroll employment","ann change %","nov2024","Autumn 2024","202403","2026",0.6
"OeNB","Unemployment rate","% of labour force","mar2025","Spring 2025","202501","2025",NA
"OeNB","Unemployment rate","% of labour force","mar2025","Spring 2025","202501","2026",NA
"OeNB","Unemployment rate","% of labour force","mar2025","Spring 2025","202501","2027",NA
"WIFO","Unemployment rate","% of labour force","mar2025","Spring 2025","202501","2025",5.3
"WIFO","Unemployment rate","% of labour force","mar2025","Spring 2025","202501","2026",5.2
"IHS","Unemployment rate","% of labour force","mar2025","Spring 2025","202501","2025",5.4
"IHS","Unemployment rate","% of labour force","mar2025","Spring 2025","202501","2026",5.3
"OECD","Unemployment rate","% of labour force","dec2024","Winter 2024","202404","2025",5.3
"OECD","Unemployment rate","% of labour force","dec2024","Winter 2024","202404","2026",5.2
"IMF","Unemployment rate","% of labour force","oct2024","Autumn 2024","202403","2025",5.6
"EC","Unemployment rate","% of labour force","nov2024","Autumn 2024","202403","2025",5.3
"EC","Unemployment rate","% of labour force","nov2024","Autumn 2024","202403","2026",5
"OeNB","Current account","% of nom GDP","mar2025","Spring 2025","202501","2025",NA
"OeNB","Current account","% of nom GDP","mar2025","Spring 2025","202501","2026",NA
"OeNB","Current account","% of nom GDP","mar2025","Spring 2025","202501","2027",NA
"WIFO","Current account","% of nom GDP","mar2025","Spring 2025","202501","2025",1.9
"WIFO","Current account","% of nom GDP","mar2025","Spring 2025","202501","2026",1.4
"IHS","Current account","% of nom GDP","mar2025","Spring 2025","202501","2025",NA
"IHS","Current account","% of nom GDP","mar2025","Spring 2025","202501","2026",NA
"OECD","Current account","% of nom GDP","dec2024","Winter 2024","202404","2025",3.4
"OECD","Current account","% of nom GDP","dec2024","Winter 2024","202404","2026",3
"IMF","Current account","% of nom GDP","oct2024","Autumn 2024","202403","2025",2.4
"EC","Current account","% of nom GDP","nov2024","Autumn 2024","202403","2025",1.5
"EC","Current account","% of nom GDP","nov2024","Autumn 2024","202403","2026",1.5
"OeNB","General government surplus/deficit","% of nom GDP","mar2025","Spring 2025","202501","2025",-3.8
"OeNB","General government surplus/deficit","% of nom GDP","mar2025","Spring 2025","202501","2026",-3.3
"OeNB","General government surplus/deficit","% of nom GDP","mar2025","Spring 2025","202501","2027",-3.1
"WIFO","General government surplus/deficit","% of nom GDP","mar2025","Spring 2025","202501","2025",-3.3
"WIFO","General government surplus/deficit","% of nom GDP","mar2025","Spring 2025","202501","2026",-3.5
"IHS","General government surplus/deficit","% of nom GDP","mar2025","Spring 2025","202501","2025",-3.2
"IHS","General government surplus/deficit","% of nom GDP","mar2025","Spring 2025","202501","2026",-3.2
"OECD","General government surplus/deficit","% of nom GDP","dec2024","Winter 2024","202404","2025",-3.4
"OECD","General government surplus/deficit","% of nom GDP","dec2024","Winter 2024","202404","2026",-2.5
"IMF","General government surplus/deficit","% of nom GDP","oct2024","Autumn 2024","202403","2025",-3.3
"EC","General government surplus/deficit","% of nom GDP","nov2024","Autumn 2024","202403","2025",-3.7
"EC","General government surplus/deficit","% of nom GDP","nov2024","Autumn 2024","202403","2026",-3.5
"OeNB","General government debt","% of nom GDP","mar2025","Spring 2025","202501","2025",NA
"OeNB","General government debt","% of nom GDP","mar2025","Spring 2025","202501","2026",NA
"OeNB","General government debt","% of nom GDP","mar2025","Spring 2025","202501","2027",NA
"WIFO","General government debt","% of nom GDP","mar2025","Spring 2025","202501","2025",84.2
"WIFO","General government debt","% of nom GDP","mar2025","Spring 2025","202501","2026",85
"IHS","General government debt","% of nom GDP","mar2025","Spring 2025","202501","2025",NA
"IHS","General government debt","% of nom GDP","mar2025","Spring 2025","202501","2026",NA
"OECD","General government debt","% of nom GDP","dec2024","Winter 2024","202404","2025",82.6
"OECD","General government debt","% of nom GDP","dec2024","Winter 2024","202404","2026",83.6
"IMF","General government debt","% of nom GDP","oct2024","Autumn 2024","202403","2025",79.6
"EC","General government debt","% of nom GDP","nov2024","Autumn 2024","202403","2025",80.8
"EC","General government debt","% of nom GDP","nov2024","Autumn 2024","202403","2026",81.8
"OeNB","Oil price in USD/barrel","cond","mar2025","Spring 2025","202501","2025",NA
"OeNB","Oil price in USD/barrel","cond","mar2025","Spring 2025","202501","2026",NA
"OeNB","Oil price in USD/barrel","cond","mar2025","Spring 2025","202501","2027",NA
"WIFO","Oil price in USD/barrel","cond","mar2025","Spring 2025","202501","2025",72
"WIFO","Oil price in USD/barrel","cond","mar2025","Spring 2025","202501","2026",69
"IHS","Oil price in USD/barrel","cond","mar2025","Spring 2025","202501","2025",70.6
"IHS","Oil price in USD/barrel","cond","mar2025","Spring 2025","202501","2026",66.8
"OECD","Oil price in USD/barrel","cond","dec2024","Winter 2024","202404","2025",75
"OECD","Oil price in USD/barrel","cond","dec2024","Winter 2024","202404","2026",75
"IMF","Oil price in USD/barrel","cond","oct2024","Autumn 2024","202403","2025",72.8
"EC","Oil price in USD/barrel","cond","nov2024","Autumn 2024","202403","2025",73.1
"EC","Oil price in USD/barrel","cond","nov2024","Autumn 2024","202403","2026",71.5
"OeNB","Short-term interest rate in %","cond","mar2025","Spring 2025","202501","2025",NA
"OeNB","Short-term interest rate in %","cond","mar2025","Spring 2025","202501","2026",NA
"OeNB","Short-term interest rate in %","cond","mar2025","Spring 2025","202501","2027",NA
"WIFO","Short-term interest rate in %","cond","mar2025","Spring 2025","202501","2025",2.2
"WIFO","Short-term interest rate in %","cond","mar2025","Spring 2025","202501","2026",2.4
"IHS","Short-term interest rate in %","cond","mar2025","Spring 2025","202501","2025",2.4
"IHS","Short-term interest rate in %","cond","mar2025","Spring 2025","202501","2026",2.3
"OECD","Short-term interest rate in %","cond","dec2024","Winter 2024","202404","2025",2.4
"OECD","Short-term interest rate in %","cond","dec2024","Winter 2024","202404","2026",2.1
"IMF","Short-term interest rate in %","cond","oct2024","Autumn 2024","202403","2025",2.8
"EC","Short-term interest rate in %","cond","nov2024","Autumn 2024","202403","2025",2.1
"EC","Short-term interest rate in %","cond","nov2024","Autumn 2024","202403","2026",2
"OeNB","USD/EUR","cond","mar2025","Spring 2025","202501","2025",NA
"OeNB","USD/EUR","cond","mar2025","Spring 2025","202501","2026",NA
"OeNB","USD/EUR","cond","mar2025","Spring 2025","202501","2027",NA
"WIFO","USD/EUR","cond","mar2025","Spring 2025","202501","2025",1.04
"WIFO","USD/EUR","cond","mar2025","Spring 2025","202501","2026",1.04
"IHS","USD/EUR","cond","mar2025","Spring 2025","202501","2025",1.09
"IHS","USD/EUR","cond","mar2025","Spring 2025","202501","2026",1.09
"OECD","USD/EUR","cond","dec2024","Winter 2024","202404","2025",1.06
"OECD","USD/EUR","cond","dec2024","Winter 2024","202404","2026",1.06
"IMF","USD/EUR","cond","oct2024","Autumn 2024","202403","2025",1.1
"EC","USD/EUR","cond","nov2024","Autumn 2024","202403","2025",1.08
"EC","USD/EUR","cond","nov2024","Autumn 2024","202403","2026",1.08
"OeNB","Euroarea: Real GDP","ann change %","mar2025","Spring 2025","202501","2025",NA
"OeNB","Euroarea: Real GDP","ann change %","mar2025","Spring 2025","202501","2026",NA
"OeNB","Euroarea: Real GDP","ann change %","mar2025","Spring 2025","202501","2027",NA
"WIFO","Euroarea: Real GDP","ann change %","mar2025","Spring 2025","202501","2025",0.8
"WIFO","Euroarea: Real GDP","ann change %","mar2025","Spring 2025","202501","2026",1.2
"IHS","Euroarea: Real GDP","ann change %","mar2025","Spring 2025","202501","2025",1
"IHS","Euroarea: Real GDP","ann change %","mar2025","Spring 2025","202501","2026",1.4
"OECD","Euroarea: Real GDP","ann change %","dec2024","Winter 2024","202404","2025",1.3
"OECD","Euroarea: Real GDP","ann change %","dec2024","Winter 2024","202404","2026",1.5
"IMF","Euroarea: Real GDP","ann change %","oct2024","Autumn 2024","202403","2025",1.2
"EC","Euroarea: Real GDP","ann change %","nov2024","Autumn 2024","202403","2025",1.3
"EC","Euroarea: Real GDP","ann change %","nov2024","Autumn 2024","202403","2026",1.6
"OeNB","USA: Real GDP","ann change %","mar2025","Spring 2025","202501","2025",NA
"OeNB","USA: Real GDP","ann change %","mar2025","Spring 2025","202501","2026",NA
"OeNB","USA: Real GDP","ann change %","mar2025","Spring 2025","202501","2027",NA
"WIFO","USA: Real GDP","ann change %","mar2025","Spring 2025","202501","2025",1.8
"WIFO","USA: Real GDP","ann change %","mar2025","Spring 2025","202501","2026",1.9
"IHS","USA: Real GDP","ann change %","mar2025","Spring 2025","202501","2025",1.9
"IHS","USA: Real GDP","ann change %","mar2025","Spring 2025","202501","2026",1.8
"OECD","USA: Real GDP","ann change %","dec2024","Winter 2024","202404","2025",2.4
"OECD","USA: Real GDP","ann change %","dec2024","Winter 2024","202404","2026",2.1
"IMF","USA: Real GDP","ann change %","oct2024","Autumn 2024","202403","2025",2.2
"EC","USA: Real GDP","ann change %","nov2024","Autumn 2024","202403","2025",2.1
"EC","USA: Real GDP","ann change %","nov2024","Autumn 2024","202403","2026",2.2
"OeNB","World: Real GDP","ann change %","mar2025","Spring 2025","202501","2025",NA
"OeNB","World: Real GDP","ann change %","mar2025","Spring 2025","202501","2026",NA
"OeNB","World: Real GDP","ann change %","mar2025","Spring 2025","202501","2027",NA
"WIFO","World: Real GDP","ann change %","mar2025","Spring 2025","202501","2025",NA
"WIFO","World: Real GDP","ann change %","mar2025","Spring 2025","202501","2026",NA
"IHS","World: Real GDP","ann change %","mar2025","Spring 2025","202501","2025",3.1
"IHS","World: Real GDP","ann change %","mar2025","Spring 2025","202501","2026",3.1
"OECD","World: Real GDP","ann change %","dec2024","Winter 2024","202404","2025",3.3
"OECD","World: Real GDP","ann change %","dec2024","Winter 2024","202404","2026",3.3
"IMF","World: Real GDP","ann change %","oct2024","Autumn 2024","202403","2025",3.2
"EC","World: Real GDP","ann change %","nov2024","Autumn 2024","202403","2025",3.3
"EC","World: Real GDP","ann change %","nov2024","Autumn 2024","202403","2026",3.3
"IMF","Real GDP","ann change %","apr2025","Spring 2025","202501","2025",-0.3
"IMF","Real GDP","ann change %","apr2025","Spring 2025","202501","2026",0.8
"IMF","Real private consumption","ann change %","apr2025","Spring 2025","202501","2025",NA
"IMF","Real private consumption","ann change %","apr2025","Spring 2025","202501","2026",NA
"IMF","Real government consumption","ann change %","apr2025","Spring 2025","202501","2025",NA
"IMF","Real government consumption","ann change %","apr2025","Spring 2025","202501","2026",NA
"IMF","Real gross fixed capital formation","ann change %","apr2025","Spring 2025","202501","2025",NA
"IMF","Real gross fixed capital formation","ann change %","apr2025","Spring 2025","202501","2026",NA
"IMF","Real exports","ann change %","apr2025","Spring 2025","202501","2025",-0.7
"IMF","Real exports","ann change %","apr2025","Spring 2025","202501","2026",0.6
"IMF","Real imports","ann change %","apr2025","Spring 2025","202501","2025",-0.8
"IMF","Real imports","ann change %","apr2025","Spring 2025","202501","2026",0.6
"IMF","Labour productivity","ann change %","apr2025","Spring 2025","202501","2025",NA
"IMF","Labour productivity","ann change %","apr2025","Spring 2025","202501","2026",NA
"IMF","GDP deflator","ann change %","apr2025","Spring 2025","202501","2025",3.3
"IMF","GDP deflator","ann change %","apr2025","Spring 2025","202501","2026",1.9
"IMF","CPI","ann change %","apr2025","Spring 2025","202501","2025",NA
"IMF","CPI","ann change %","apr2025","Spring 2025","202501","2026",NA
"IMF","HICP","ann change %","apr2025","Spring 2025","202501","2025",3.2
"IMF","HICP","ann change %","apr2025","Spring 2025","202501","2026",1.7
"IMF","Payroll employment","ann change %","apr2025","Spring 2025","202501","2025",0
"IMF","Payroll employment","ann change %","apr2025","Spring 2025","202501","2026",0.3
"IMF","Unemployment rate","% of labour force","apr2025","Spring 2025","202501","2025",5.6
"IMF","Unemployment rate","% of labour force","apr2025","Spring 2025","202501","2026",5.5
"IMF","Current account","% of nom GDP","apr2025","Spring 2025","202501","2025",2.6
"IMF","Current account","% of nom GDP","apr2025","Spring 2025","202501","2026",2.8
"IMF","General government surplus/deficit","% of nom GDP","apr2025","Spring 2025","202501","2025",-4.1
"IMF","General government surplus/deficit","% of nom GDP","apr2025","Spring 2025","202501","2026",-3.6
"IMF","General government debt","% of nom GDP","apr2025","Spring 2025","202501","2025",82.9
"IMF","General government debt","% of nom GDP","apr2025","Spring 2025","202501","2026",84.2
"IMF","Oil price in USD/barrel","cond","apr2025","Spring 2025","202501","2025",66.9
"IMF","Oil price in USD/barrel","cond","apr2025","Spring 2025","202501","2026",62.4
"IMF","Short-term interest rate in %","cond","apr2025","Spring 2025","202501","2025",2.2
"IMF","Short-term interest rate in %","cond","apr2025","Spring 2025","202501","2026",2.1
"IMF","USD/EUR","cond","apr2025","Spring 2025","202501","2025",1.08
"IMF","USD/EUR","cond","apr2025","Spring 2025","202501","2026",1.08
"IMF","Euroarea: Real GDP","ann change %","apr2025","Spring 2025","202501","2025",0.8
"IMF","Euroarea: Real GDP","ann change %","apr2025","Spring 2025","202501","2026",1.2
"IMF","USA: Real GDP","ann change %","apr2025","Spring 2025","202501","2025",1.8
"IMF","USA: Real GDP","ann change %","apr2025","Spring 2025","202501","2026",1.7
"IMF","World: Real GDP","ann change %","apr2025","Spring 2025","202501","2025",2.8
"IMF","World: Real GDP","ann change %","apr2025","Spring 2025","202501","2026",3
"OeNB","Real GDP","ann change %","jun2025","Summer 2025","202502","2025",0.2
"OeNB","Real GDP","ann change %","jun2025","Summer 2025","202502","2026",0.9
"OeNB","Real GDP","ann change %","jun2025","Summer 2025","202502","2027",1.1
"OECD","Real GDP","ann change %","jun2025","Summer 2025","202502","2025",-0.3
"OECD","Real GDP","ann change %","jun2025","Summer 2025","202502","2026",1
"EC","Real GDP","ann change %","may2025","Spring 2025","202501","2025",-0.3
"EC","Real GDP","ann change %","may2025","Spring 2025","202501","2026",1
"OeNB","Real private consumption","ann change %","jun2025","Summer 2025","202502","2025",1
"OeNB","Real private consumption","ann change %","jun2025","Summer 2025","202502","2026",1.1
"OeNB","Real private consumption","ann change %","jun2025","Summer 2025","202502","2027",1.2
"OECD","Real private consumption","ann change %","jun2025","Summer 2025","202502","2025",0.6
"OECD","Real private consumption","ann change %","jun2025","Summer 2025","202502","2026",1.4
"EC","Real private consumption","ann change %","may2025","Spring 2025","202501","2025",0.3
"EC","Real private consumption","ann change %","may2025","Spring 2025","202501","2026",1
"OeNB","Real government consumption","ann change %","jun2025","Summer 2025","202502","2025",1.6
"OeNB","Real government consumption","ann change %","jun2025","Summer 2025","202502","2026",0.3
"OeNB","Real government consumption","ann change %","jun2025","Summer 2025","202502","2027",0.7
"OECD","Real government consumption","ann change %","jun2025","Summer 2025","202502","2025",1.4
"OECD","Real government consumption","ann change %","jun2025","Summer 2025","202502","2026",1
"EC","Real government consumption","ann change %","may2025","Spring 2025","202501","2025",-0.4
"EC","Real government consumption","ann change %","may2025","Spring 2025","202501","2026",-0.4
"OeNB","Real gross fixed capital formation","ann change %","jun2025","Summer 2025","202502","2025",-0.5
"OeNB","Real gross fixed capital formation","ann change %","jun2025","Summer 2025","202502","2026",0.9
"OeNB","Real gross fixed capital formation","ann change %","jun2025","Summer 2025","202502","2027",1.3
"OECD","Real gross fixed capital formation","ann change %","jun2025","Summer 2025","202502","2025",0
"OECD","Real gross fixed capital formation","ann change %","jun2025","Summer 2025","202502","2026",1.5
"EC","Real gross fixed capital formation","ann change %","may2025","Spring 2025","202501","2025",-0.7
"EC","Real gross fixed capital formation","ann change %","may2025","Spring 2025","202501","2026",1.9
"OeNB","Real exports","ann change %","jun2025","Summer 2025","202502","2025",-1.2
"OeNB","Real exports","ann change %","jun2025","Summer 2025","202502","2026",1.3
"OeNB","Real exports","ann change %","jun2025","Summer 2025","202502","2027",2.3
"OECD","Real exports","ann change %","jun2025","Summer 2025","202502","2025",-0.9
"OECD","Real exports","ann change %","jun2025","Summer 2025","202502","2026",2
"EC","Real exports","ann change %","may2025","Spring 2025","202501","2025",-1
"EC","Real exports","ann change %","may2025","Spring 2025","202501","2026",1.9
"OeNB","Real imports","ann change %","jun2025","Summer 2025","202502","2025",-0.7
"OeNB","Real imports","ann change %","jun2025","Summer 2025","202502","2026",1.5
"OeNB","Real imports","ann change %","jun2025","Summer 2025","202502","2027",2.4
"OECD","Real imports","ann change %","jun2025","Summer 2025","202502","2025",0.7
"OECD","Real imports","ann change %","jun2025","Summer 2025","202502","2026",1.6
"EC","Real imports","ann change %","may2025","Spring 2025","202501","2025",-0.6
"EC","Real imports","ann change %","may2025","Spring 2025","202501","2026",1.9
"OeNB","Labour productivity","ann change %","jun2025","Summer 2025","202502","2025",0.1
"OeNB","Labour productivity","ann change %","jun2025","Summer 2025","202502","2026",0.4
"OeNB","Labour productivity","ann change %","jun2025","Summer 2025","202502","2027",0.3
"OECD","Labour productivity","ann change %","jun2025","Summer 2025","202502","2025",-0.4
"OECD","Labour productivity","ann change %","jun2025","Summer 2025","202502","2026",0.8
"EC","Labour productivity","ann change %","may2025","Spring 2025","202501","2025",-0.4
"EC","Labour productivity","ann change %","may2025","Spring 2025","202501","2026",0.5
"OeNB","GDP deflator","ann change %","jun2025","Summer 2025","202502","2025",2.6
"OeNB","GDP deflator","ann change %","jun2025","Summer 2025","202502","2026",2.4
"OeNB","GDP deflator","ann change %","jun2025","Summer 2025","202502","2027",2.3
"OECD","GDP deflator","ann change %","jun2025","Summer 2025","202502","2025",2.5
"OECD","GDP deflator","ann change %","jun2025","Summer 2025","202502","2026",2.2
"EC","GDP deflator","ann change %","may2025","Spring 2025","202501","2025",3.5
"EC","GDP deflator","ann change %","may2025","Spring 2025","202501","2026",2.2
"OeNB","CPI","ann change %","jun2025","Summer 2025","202502","2025",NA
"OeNB","CPI","ann change %","jun2025","Summer 2025","202502","2026",NA
"OeNB","CPI","ann change %","jun2025","Summer 2025","202502","2027",NA
"OECD","CPI","ann change %","jun2025","Summer 2025","202502","2025",NA
"OECD","CPI","ann change %","jun2025","Summer 2025","202502","2026",NA
"EC","CPI","ann change %","may2025","Spring 2025","202501","2025",NA
"EC","CPI","ann change %","may2025","Spring 2025","202501","2026",NA
"OeNB","HICP","ann change %","jun2025","Summer 2025","202502","2025",3
"OeNB","HICP","ann change %","jun2025","Summer 2025","202502","2026",1.8
"OeNB","HICP","ann change %","jun2025","Summer 2025","202502","2027",2.1
"OECD","HICP","ann change %","jun2025","Summer 2025","202502","2025",3
"OECD","HICP","ann change %","jun2025","Summer 2025","202502","2026",1.9
"EC","HICP","ann change %","may2025","Spring 2025","202501","2025",2.9
"EC","HICP","ann change %","may2025","Spring 2025","202501","2026",2.1
"OeNB","Payroll employment","ann change %","jun2025","Summer 2025","202502","2025",0.1
"OeNB","Payroll employment","ann change %","jun2025","Summer 2025","202502","2026",0.5
"OeNB","Payroll employment","ann change %","jun2025","Summer 2025","202502","2027",0.8
"OECD","Payroll employment","ann change %","jun2025","Summer 2025","202502","2025",0.1
"OECD","Payroll employment","ann change %","jun2025","Summer 2025","202502","2026",0.1
"EC","Payroll employment","ann change %","may2025","Spring 2025","202501","2025",0.1
"EC","Payroll employment","ann change %","may2025","Spring 2025","202501","2026",0.4
"OeNB","Unemployment rate","% of labour force","jun2025","Summer 2025","202502","2025",5.5
"OeNB","Unemployment rate","% of labour force","jun2025","Summer 2025","202502","2026",5.4
"OeNB","Unemployment rate","% of labour force","jun2025","Summer 2025","202502","2027",5.3
"OECD","Unemployment rate","% of labour force","jun2025","Summer 2025","202502","2025",5.2
"OECD","Unemployment rate","% of labour force","jun2025","Summer 2025","202502","2026",5.2
"EC","Unemployment rate","% of labour force","may2025","Spring 2025","202501","2025",5.3
"EC","Unemployment rate","% of labour force","may2025","Spring 2025","202501","2026",5.2
"OeNB","Current account","% of nom GDP","jun2025","Summer 2025","202502","2025",1.8
"OeNB","Current account","% of nom GDP","jun2025","Summer 2025","202502","2026",1.9
"OeNB","Current account","% of nom GDP","jun2025","Summer 2025","202502","2027",2
"OECD","Current account","% of nom GDP","jun2025","Summer 2025","202502","2025",1.8
"OECD","Current account","% of nom GDP","jun2025","Summer 2025","202502","2026",1.5
"EC","Current account","% of nom GDP","may2025","Spring 2025","202501","2025",2.4
"EC","Current account","% of nom GDP","may2025","Spring 2025","202501","2026",2.3
"OeNB","General government surplus/deficit","% of nom GDP","jun2025","Summer 2025","202502","2025",-4.2
"OeNB","General government surplus/deficit","% of nom GDP","jun2025","Summer 2025","202502","2026",-3.8
"OeNB","General government surplus/deficit","% of nom GDP","jun2025","Summer 2025","202502","2027",-4
"OECD","General government surplus/deficit","% of nom GDP","jun2025","Summer 2025","202502","2025",-4.4
"OECD","General government surplus/deficit","% of nom GDP","jun2025","Summer 2025","202502","2026",-4.2
"EC","General government surplus/deficit","% of nom GDP","may2025","Spring 2025","202501","2025",-4.4
"EC","General government surplus/deficit","% of nom GDP","may2025","Spring 2025","202501","2026",-4.2
"OeNB","General government debt","% of nom GDP","jun2025","Summer 2025","202502","2025",84.2
"OeNB","General government debt","% of nom GDP","jun2025","Summer 2025","202502","2026",85.5
"OeNB","General government debt","% of nom GDP","jun2025","Summer 2025","202502","2027",86.6
"OECD","General government debt","% of nom GDP","jun2025","Summer 2025","202502","2025",84.7
"OECD","General government debt","% of nom GDP","jun2025","Summer 2025","202502","2026",86.6
"EC","General government debt","% of nom GDP","may2025","Spring 2025","202501","2025",84
"EC","General government debt","% of nom GDP","may2025","Spring 2025","202501","2026",85.8
"OeNB","Oil price in USD/barrel","cond","jun2025","Summer 2025","202502","2025",66.7
"OeNB","Oil price in USD/barrel","cond","jun2025","Summer 2025","202502","2026",62.8
"OeNB","Oil price in USD/barrel","cond","jun2025","Summer 2025","202502","2027",64.2
"OECD","Oil price in USD/barrel","cond","jun2025","Summer 2025","202502","2025",64.7
"OECD","Oil price in USD/barrel","cond","jun2025","Summer 2025","202502","2026",60
"EC","Oil price in USD/barrel","cond","may2025","Spring 2025","202501","2025",67.7
"EC","Oil price in USD/barrel","cond","may2025","Spring 2025","202501","2026",64
"OeNB","Short-term interest rate in %","cond","jun2025","Summer 2025","202502","2025",2.1
"OeNB","Short-term interest rate in %","cond","jun2025","Summer 2025","202502","2026",1.9
"OeNB","Short-term interest rate in %","cond","jun2025","Summer 2025","202502","2027",2.2
"OECD","Short-term interest rate in %","cond","jun2025","Summer 2025","202502","2025",2.1
"OECD","Short-term interest rate in %","cond","jun2025","Summer 2025","202502","2026",1.8
"EC","Short-term interest rate in %","cond","may2025","Spring 2025","202501","2025",2
"EC","Short-term interest rate in %","cond","may2025","Spring 2025","202501","2026",1.7
"OeNB","USD/EUR","cond","jun2025","Summer 2025","202502","2025",1.11
"OeNB","USD/EUR","cond","jun2025","Summer 2025","202502","2026",1.13
"OeNB","USD/EUR","cond","jun2025","Summer 2025","202502","2027",1.13
"OECD","USD/EUR","cond","jun2025","Summer 2025","202502","2025",1.13
"OECD","USD/EUR","cond","jun2025","Summer 2025","202502","2026",1.13
"EC","USD/EUR","cond","may2025","Spring 2025","202501","2025",1.11
"EC","USD/EUR","cond","may2025","Spring 2025","202501","2026",1.13
"OeNB","Euroarea: Real GDP","ann change %","jun2025","Summer 2025","202502","2025",0.9
"OeNB","Euroarea: Real GDP","ann change %","jun2025","Summer 2025","202502","2026",1.1
"OeNB","Euroarea: Real GDP","ann change %","jun2025","Summer 2025","202502","2027",1.3
"OECD","Euroarea: Real GDP","ann change %","jun2025","Summer 2025","202502","2025",1
"OECD","Euroarea: Real GDP","ann change %","jun2025","Summer 2025","202502","2026",1.2
"EC","Euroarea: Real GDP","ann change %","may2025","Spring 2025","202501","2025",0.9
"EC","Euroarea: Real GDP","ann change %","may2025","Spring 2025","202501","2026",1.4
"OeNB","USA: Real GDP","ann change %","jun2025","Summer 2025","202502","2025",1.4
"OeNB","USA: Real GDP","ann change %","jun2025","Summer 2025","202502","2026",1.4
"OeNB","USA: Real GDP","ann change %","jun2025","Summer 2025","202502","2027",2.1
"OECD","USA: Real GDP","ann change %","jun2025","Summer 2025","202502","2025",1.6
"OECD","USA: Real GDP","ann change %","jun2025","Summer 2025","202502","2026",1.5
"EC","USA: Real GDP","ann change %","may2025","Spring 2025","202501","2025",1.6
"EC","USA: Real GDP","ann change %","may2025","Spring 2025","202501","2026",1.6
"OeNB","World: Real GDP","ann change %","jun2025","Summer 2025","202502","2025",2.9
"OeNB","World: Real GDP","ann change %","jun2025","Summer 2025","202502","2026",2.7
"OeNB","World: Real GDP","ann change %","jun2025","Summer 2025","202502","2027",3
"OECD","World: Real GDP","ann change %","jun2025","Summer 2025","202502","2025",2.9
"OECD","World: Real GDP","ann change %","jun2025","Summer 2025","202502","2026",2.9
"EC","World: Real GDP","ann change %","may2025","Spring 2025","202501","2025",2.9
"EC","World: Real GDP","ann change %","may2025","Spring 2025","202501","2026",3
"WIFO","Real GDP","ann change %","jun2025","Summer 2025","202502","2025",0
"WIFO","Real GDP","ann change %","jun2025","Summer 2025","202502","2026",1.2
"IHS","Real GDP","ann change %","jun2025","Summer 2025","202502","2025",0.1
"IHS","Real GDP","ann change %","jun2025","Summer 2025","202502","2026",1
"WIFO","Real private consumption","ann change %","jun2025","Summer 2025","202502","2025",0.4
"WIFO","Real private consumption","ann change %","jun2025","Summer 2025","202502","2026",1.3
"IHS","Real private consumption","ann change %","jun2025","Summer 2025","202502","2025",0.7
"IHS","Real private consumption","ann change %","jun2025","Summer 2025","202502","2026",0.9
"WIFO","Real government consumption","ann change %","jun2025","Summer 2025","202502","2025",0
"WIFO","Real government consumption","ann change %","jun2025","Summer 2025","202502","2026",0.3
"IHS","Real government consumption","ann change %","jun2025","Summer 2025","202502","2025",0.2
"IHS","Real government consumption","ann change %","jun2025","Summer 2025","202502","2026",0
"WIFO","Real gross fixed capital formation","ann change %","jun2025","Summer 2025","202502","2025",-0.7
"WIFO","Real gross fixed capital formation","ann change %","jun2025","Summer 2025","202502","2026",1.4
"IHS","Real gross fixed capital formation","ann change %","jun2025","Summer 2025","202502","2025",-0.5
"IHS","Real gross fixed capital formation","ann change %","jun2025","Summer 2025","202502","2026",0.8
"WIFO","Real exports","ann change %","jun2025","Summer 2025","202502","2025",-0.5
"WIFO","Real exports","ann change %","jun2025","Summer 2025","202502","2026",1.3
"IHS","Real exports","ann change %","jun2025","Summer 2025","202502","2025",-0.5
"IHS","Real exports","ann change %","jun2025","Summer 2025","202502","2026",1.8
"WIFO","Real imports","ann change %","jun2025","Summer 2025","202502","2025",0.1
"WIFO","Real imports","ann change %","jun2025","Summer 2025","202502","2026",1.3
"IHS","Real imports","ann change %","jun2025","Summer 2025","202502","2025",0.1
"IHS","Real imports","ann change %","jun2025","Summer 2025","202502","2026",1.6
"WIFO","Labour productivity","ann change %","jun2025","Summer 2025","202502","2025",-0.1
"WIFO","Labour productivity","ann change %","jun2025","Summer 2025","202502","2026",0.2
"IHS","Labour productivity","ann change %","jun2025","Summer 2025","202502","2025",0
"IHS","Labour productivity","ann change %","jun2025","Summer 2025","202502","2026",0.5
"WIFO","GDP deflator","ann change %","jun2025","Summer 2025","202502","2025",2.8
"WIFO","GDP deflator","ann change %","jun2025","Summer 2025","202502","2026",2
"IHS","GDP deflator","ann change %","jun2025","Summer 2025","202502","2025",2.4
"IHS","GDP deflator","ann change %","jun2025","Summer 2025","202502","2026",1.9
"WIFO","CPI","ann change %","jun2025","Summer 2025","202502","2025",2.9
"WIFO","CPI","ann change %","jun2025","Summer 2025","202502","2026",2.2
"IHS","CPI","ann change %","jun2025","Summer 2025","202502","2025",2.9
"IHS","CPI","ann change %","jun2025","Summer 2025","202502","2026",1.9
"WIFO","HICP","ann change %","jun2025","Summer 2025","202502","2025",2.9
"WIFO","HICP","ann change %","jun2025","Summer 2025","202502","2026",2.2
"IHS","HICP","ann change %","jun2025","Summer 2025","202502","2025",3
"IHS","HICP","ann change %","jun2025","Summer 2025","202502","2026",1.9
"WIFO","Payroll employment","ann change %","jun2025","Summer 2025","202502","2025",0.2
"WIFO","Payroll employment","ann change %","jun2025","Summer 2025","202502","2026",0.8
"IHS","Payroll employment","ann change %","jun2025","Summer 2025","202502","2025",0.1
"IHS","Payroll employment","ann change %","jun2025","Summer 2025","202502","2026",0.5
"WIFO","Unemployment rate","% of labour force","jun2025","Summer 2025","202502","2025",5.4
"WIFO","Unemployment rate","% of labour force","jun2025","Summer 2025","202502","2026",5.3
"IHS","Unemployment rate","% of labour force","jun2025","Summer 2025","202502","2025",5.5
"IHS","Unemployment rate","% of labour force","jun2025","Summer 2025","202502","2026",5.4
"WIFO","Current account","% of nom GDP","jun2025","Summer 2025","202502","2025",2.2
"WIFO","Current account","% of nom GDP","jun2025","Summer 2025","202502","2026",2
"IHS","Current account","% of nom GDP","jun2025","Summer 2025","202502","2025",NA
"IHS","Current account","% of nom GDP","jun2025","Summer 2025","202502","2026",NA
"WIFO","General government surplus/deficit","% of nom GDP","jun2025","Summer 2025","202502","2025",-4.1
"WIFO","General government surplus/deficit","% of nom GDP","jun2025","Summer 2025","202502","2026",-3.9
"IHS","General government surplus/deficit","% of nom GDP","jun2025","Summer 2025","202502","2025",-4.4
"IHS","General government surplus/deficit","% of nom GDP","jun2025","Summer 2025","202502","2026",-4.1
"WIFO","General government debt","% of nom GDP","jun2025","Summer 2025","202502","2025",83.4
"WIFO","General government debt","% of nom GDP","jun2025","Summer 2025","202502","2026",85
"IHS","General government debt","% of nom GDP","jun2025","Summer 2025","202502","2025",NA
"IHS","General government debt","% of nom GDP","jun2025","Summer 2025","202502","2026",NA
"WIFO","Oil price in USD/barrel","cond","jun2025","Summer 2025","202502","2025",66
"WIFO","Oil price in USD/barrel","cond","jun2025","Summer 2025","202502","2026",64
"IHS","Oil price in USD/barrel","cond","jun2025","Summer 2025","202502","2025",69.6
"IHS","Oil price in USD/barrel","cond","jun2025","Summer 2025","202502","2026",65.2
"WIFO","Short-term interest rate in %","cond","jun2025","Summer 2025","202502","2025",2.3
"WIFO","Short-term interest rate in %","cond","jun2025","Summer 2025","202502","2026",2.2
"IHS","Short-term interest rate in %","cond","jun2025","Summer 2025","202502","2025",2.2
"IHS","Short-term interest rate in %","cond","jun2025","Summer 2025","202502","2026",2.1
"WIFO","USD/EUR","cond","jun2025","Summer 2025","202502","2025",1.11
"WIFO","USD/EUR","cond","jun2025","Summer 2025","202502","2026",1.16
"IHS","USD/EUR","cond","jun2025","Summer 2025","202502","2025",1.12
"IHS","USD/EUR","cond","jun2025","Summer 2025","202502","2026",1.15
"WIFO","Euroarea: Real GDP","ann change %","jun2025","Summer 2025","202502","2025",1
"WIFO","Euroarea: Real GDP","ann change %","jun2025","Summer 2025","202502","2026",1.1
"IHS","Euroarea: Real GDP","ann change %","jun2025","Summer 2025","202502","2025",1
"IHS","Euroarea: Real GDP","ann change %","jun2025","Summer 2025","202502","2026",1.5
"WIFO","USA: Real GDP","ann change %","jun2025","Summer 2025","202502","2025",1.4
"WIFO","USA: Real GDP","ann change %","jun2025","Summer 2025","202502","2026",1.7
"IHS","USA: Real GDP","ann change %","jun2025","Summer 2025","202502","2025",1.7
"IHS","USA: Real GDP","ann change %","jun2025","Summer 2025","202502","2026",1.7
"WIFO","World: Real GDP","ann change %","jun2025","Summer 2025","202502","2025",NA
"WIFO","World: Real GDP","ann change %","jun2025","Summer 2025","202502","2026",NA
"IHS","World: Real GDP","ann change %","jun2025","Summer 2025","202502","2025",3
"IHS","World: Real GDP","ann change %","jun2025","Summer 2025","202502","2026",2.9
"OeNB","Real GDP","ann change %","sep2025","Autumn 2025","202503","2025",0.3
"OeNB","Real GDP","ann change %","sep2025","Autumn 2025","202503","2026",0.8
"OeNB","Real GDP","ann change %","sep2025","Autumn 2025","202503","2027",1.1
"WIFO","Real GDP","ann change %","oct2025","Autumn 2025","202503","2025",0.3
"WIFO","Real GDP","ann change %","oct2025","Autumn 2025","202503","2026",1.1
"IHS","Real GDP","ann change %","oct2025","Autumn 2025","202503","2025",0.4
"IHS","Real GDP","ann change %","oct2025","Autumn 2025","202503","2026",0.9
"IMF","Real GDP","ann change %","oct2025","Autumn 2025","202503","2025",0.3
"IMF","Real GDP","ann change %","oct2025","Autumn 2025","202503","2026",0.8
"OeNB","Real private consumption","ann change %","sep2025","Autumn 2025","202503","2025",NA
"OeNB","Real private consumption","ann change %","sep2025","Autumn 2025","202503","2026",NA
"OeNB","Real private consumption","ann change %","sep2025","Autumn 2025","202503","2027",NA
"WIFO","Real private consumption","ann change %","oct2025","Autumn 2025","202503","2025",0.6
"WIFO","Real private consumption","ann change %","oct2025","Autumn 2025","202503","2026",0.8
"IHS","Real private consumption","ann change %","oct2025","Autumn 2025","202503","2025",0.7
"IHS","Real private consumption","ann change %","oct2025","Autumn 2025","202503","2026",0.9
"IMF","Real private consumption","ann change %","oct2025","Autumn 2025","202503","2025",NA
"IMF","Real private consumption","ann change %","oct2025","Autumn 2025","202503","2026",NA
"OeNB","Real government consumption","ann change %","sep2025","Autumn 2025","202503","2025",NA
"OeNB","Real government consumption","ann change %","sep2025","Autumn 2025","202503","2026",NA
"OeNB","Real government consumption","ann change %","sep2025","Autumn 2025","202503","2027",NA
"WIFO","Real government consumption","ann change %","oct2025","Autumn 2025","202503","2025",1
"WIFO","Real government consumption","ann change %","oct2025","Autumn 2025","202503","2026",0
"IHS","Real government consumption","ann change %","oct2025","Autumn 2025","202503","2025",1.5
"IHS","Real government consumption","ann change %","oct2025","Autumn 2025","202503","2026",0
"IMF","Real government consumption","ann change %","oct2025","Autumn 2025","202503","2025",NA
"IMF","Real government consumption","ann change %","oct2025","Autumn 2025","202503","2026",NA
"OeNB","Real gross fixed capital formation","ann change %","sep2025","Autumn 2025","202503","2025",NA
"OeNB","Real gross fixed capital formation","ann change %","sep2025","Autumn 2025","202503","2026",NA
"OeNB","Real gross fixed capital formation","ann change %","sep2025","Autumn 2025","202503","2027",NA
"WIFO","Real gross fixed capital formation","ann change %","oct2025","Autumn 2025","202503","2025",-0.3
"WIFO","Real gross fixed capital formation","ann change %","oct2025","Autumn 2025","202503","2026",1.2
"IHS","Real gross fixed capital formation","ann change %","oct2025","Autumn 2025","202503","2025",0.3
"IHS","Real gross fixed capital formation","ann change %","oct2025","Autumn 2025","202503","2026",0.8
"IMF","Real gross fixed capital formation","ann change %","oct2025","Autumn 2025","202503","2025",NA
"IMF","Real gross fixed capital formation","ann change %","oct2025","Autumn 2025","202503","2026",NA
"OeNB","Real exports","ann change %","sep2025","Autumn 2025","202503","2025",NA
"OeNB","Real exports","ann change %","sep2025","Autumn 2025","202503","2026",NA
"OeNB","Real exports","ann change %","sep2025","Autumn 2025","202503","2027",NA
"WIFO","Real exports","ann change %","oct2025","Autumn 2025","202503","2025",-0.4
"WIFO","Real exports","ann change %","oct2025","Autumn 2025","202503","2026",1.2
"IHS","Real exports","ann change %","oct2025","Autumn 2025","202503","2025",-1.1
"IHS","Real exports","ann change %","oct2025","Autumn 2025","202503","2026",1.8
"IMF","Real exports","ann change %","oct2025","Autumn 2025","202503","2025",0.1
"IMF","Real exports","ann change %","oct2025","Autumn 2025","202503","2026",1.3
"OeNB","Real imports","ann change %","sep2025","Autumn 2025","202503","2025",NA
"OeNB","Real imports","ann change %","sep2025","Autumn 2025","202503","2026",NA
"OeNB","Real imports","ann change %","sep2025","Autumn 2025","202503","2027",NA
"WIFO","Real imports","ann change %","oct2025","Autumn 2025","202503","2025",1.2
"WIFO","Real imports","ann change %","oct2025","Autumn 2025","202503","2026",1.3
"IHS","Real imports","ann change %","oct2025","Autumn 2025","202503","2025",0.6
"IHS","Real imports","ann change %","oct2025","Autumn 2025","202503","2026",1.6
"IMF","Real imports","ann change %","oct2025","Autumn 2025","202503","2025",0.2
"IMF","Real imports","ann change %","oct2025","Autumn 2025","202503","2026",1.7
"OeNB","Labour productivity","ann change %","sep2025","Autumn 2025","202503","2025",NA
"OeNB","Labour productivity","ann change %","sep2025","Autumn 2025","202503","2026",NA
"OeNB","Labour productivity","ann change %","sep2025","Autumn 2025","202503","2027",NA
"WIFO","Labour productivity","ann change %","oct2025","Autumn 2025","202503","2025",0.3
"WIFO","Labour productivity","ann change %","oct2025","Autumn 2025","202503","2026",0.5
"IHS","Labour productivity","ann change %","oct2025","Autumn 2025","202503","2025",0.3
"IHS","Labour productivity","ann change %","oct2025","Autumn 2025","202503","2026",0.4
"IMF","Labour productivity","ann change %","oct2025","Autumn 2025","202503","2025",NA
"IMF","Labour productivity","ann change %","oct2025","Autumn 2025","202503","2026",NA
"OeNB","GDP deflator","ann change %","sep2025","Autumn 2025","202503","2025",NA
"OeNB","GDP deflator","ann change %","sep2025","Autumn 2025","202503","2026",NA
"OeNB","GDP deflator","ann change %","sep2025","Autumn 2025","202503","2027",NA
"WIFO","GDP deflator","ann change %","oct2025","Autumn 2025","202503","2025",3.2
"WIFO","GDP deflator","ann change %","oct2025","Autumn 2025","202503","2026",2.2
"IHS","GDP deflator","ann change %","oct2025","Autumn 2025","202503","2025",2.8
"IHS","GDP deflator","ann change %","oct2025","Autumn 2025","202503","2026",2.3
"IMF","GDP deflator","ann change %","oct2025","Autumn 2025","202503","2025",3.3
"IMF","GDP deflator","ann change %","oct2025","Autumn 2025","202503","2026",2.4
"OeNB","CPI","ann change %","sep2025","Autumn 2025","202503","2025",NA
"OeNB","CPI","ann change %","sep2025","Autumn 2025","202503","2026",NA
"OeNB","CPI","ann change %","sep2025","Autumn 2025","202503","2027",NA
"WIFO","CPI","ann change %","oct2025","Autumn 2025","202503","2025",3.5
"WIFO","CPI","ann change %","oct2025","Autumn 2025","202503","2026",2.4
"IHS","CPI","ann change %","oct2025","Autumn 2025","202503","2025",3.5
"IHS","CPI","ann change %","oct2025","Autumn 2025","202503","2026",2.4
"IMF","CPI","ann change %","oct2025","Autumn 2025","202503","2025",NA
"IMF","CPI","ann change %","oct2025","Autumn 2025","202503","2026",NA
"OeNB","HICP","ann change %","sep2025","Autumn 2025","202503","2025",3.5
"OeNB","HICP","ann change %","sep2025","Autumn 2025","202503","2026",2.4
"OeNB","HICP","ann change %","sep2025","Autumn 2025","202503","2027",2.3
"WIFO","HICP","ann change %","oct2025","Autumn 2025","202503","2025",3.5
"WIFO","HICP","ann change %","oct2025","Autumn 2025","202503","2026",2.4
"IHS","HICP","ann change %","oct2025","Autumn 2025","202503","2025",3.5
"IHS","HICP","ann change %","oct2025","Autumn 2025","202503","2026",2.4
"IMF","HICP","ann change %","oct2025","Autumn 2025","202503","2025",3.6
"IMF","HICP","ann change %","oct2025","Autumn 2025","202503","2026",2.3
"OeNB","Payroll employment","ann change %","sep2025","Autumn 2025","202503","2025",NA
"OeNB","Payroll employment","ann change %","sep2025","Autumn 2025","202503","2026",NA
"OeNB","Payroll employment","ann change %","sep2025","Autumn 2025","202503","2027",NA
"WIFO","Payroll employment","ann change %","oct2025","Autumn 2025","202503","2025",0.2
"WIFO","Payroll employment","ann change %","oct2025","Autumn 2025","202503","2026",0.8
"IHS","Payroll employment","ann change %","oct2025","Autumn 2025","202503","2025",0.2
"IHS","Payroll employment","ann change %","oct2025","Autumn 2025","202503","2026",0.5
"IMF","Payroll employment","ann change %","oct2025","Autumn 2025","202503","2025",-0.3
"IMF","Payroll employment","ann change %","oct2025","Autumn 2025","202503","2026",0.3
"OeNB","Unemployment rate","% of labour force","sep2025","Autumn 2025","202503","2025",NA
"OeNB","Unemployment rate","% of labour force","sep2025","Autumn 2025","202503","2026",NA
"OeNB","Unemployment rate","% of labour force","sep2025","Autumn 2025","202503","2027",NA
"WIFO","Unemployment rate","% of labour force","oct2025","Autumn 2025","202503","2025",5.7
"WIFO","Unemployment rate","% of labour force","oct2025","Autumn 2025","202503","2026",5.5
"IHS","Unemployment rate","% of labour force","oct2025","Autumn 2025","202503","2025",5.5
"IHS","Unemployment rate","% of labour force","oct2025","Autumn 2025","202503","2026",5.4
"IMF","Unemployment rate","% of labour force","oct2025","Autumn 2025","202503","2025",5.7
"IMF","Unemployment rate","% of labour force","oct2025","Autumn 2025","202503","2026",5.6
"OeNB","Current account","% of nom GDP","sep2025","Autumn 2025","202503","2025",NA
"OeNB","Current account","% of nom GDP","sep2025","Autumn 2025","202503","2026",NA
"OeNB","Current account","% of nom GDP","sep2025","Autumn 2025","202503","2027",NA
"WIFO","Current account","% of nom GDP","oct2025","Autumn 2025","202503","2025",0.8
"WIFO","Current account","% of nom GDP","oct2025","Autumn 2025","202503","2026",0.7
"IHS","Current account","% of nom GDP","oct2025","Autumn 2025","202503","2025",NA
"IHS","Current account","% of nom GDP","oct2025","Autumn 2025","202503","2026",NA
"IMF","Current account","% of nom GDP","oct2025","Autumn 2025","202503","2025",1.8
"IMF","Current account","% of nom GDP","oct2025","Autumn 2025","202503","2026",2.2
"OeNB","General government surplus/deficit","% of nom GDP","sep2025","Autumn 2025","202503","2025",NA
"OeNB","General government surplus/deficit","% of nom GDP","sep2025","Autumn 2025","202503","2026",NA
"OeNB","General government surplus/deficit","% of nom GDP","sep2025","Autumn 2025","202503","2027",NA
"WIFO","General government surplus/deficit","% of nom GDP","oct2025","Autumn 2025","202503","2025",-4.2
"WIFO","General government surplus/deficit","% of nom GDP","oct2025","Autumn 2025","202503","2026",-3.9
"IHS","General government surplus/deficit","% of nom GDP","oct2025","Autumn 2025","202503","2025",-4.3
"IHS","General government surplus/deficit","% of nom GDP","oct2025","Autumn 2025","202503","2026",-4.1
"IMF","General government surplus/deficit","% of nom GDP","oct2025","Autumn 2025","202503","2025",-4.2
"IMF","General government surplus/deficit","% of nom GDP","oct2025","Autumn 2025","202503","2026",-3.9
"OeNB","General government debt","% of nom GDP","sep2025","Autumn 2025","202503","2025",NA
"OeNB","General government debt","% of nom GDP","sep2025","Autumn 2025","202503","2026",NA
"OeNB","General government debt","% of nom GDP","sep2025","Autumn 2025","202503","2027",NA
"WIFO","General government debt","% of nom GDP","oct2025","Autumn 2025","202503","2025",81.5
"WIFO","General government debt","% of nom GDP","oct2025","Autumn 2025","202503","2026",83.1
"IHS","General government debt","% of nom GDP","oct2025","Autumn 2025","202503","2025",NA
"IHS","General government debt","% of nom GDP","oct2025","Autumn 2025","202503","2026",NA
"IMF","General government debt","% of nom GDP","oct2025","Autumn 2025","202503","2025",82
"IMF","General government debt","% of nom GDP","oct2025","Autumn 2025","202503","2026",83
"OeNB","Oil price in USD/barrel","cond","sep2025","Autumn 2025","202503","2025",69.7
"OeNB","Oil price in USD/barrel","cond","sep2025","Autumn 2025","202503","2026",65.1
"OeNB","Oil price in USD/barrel","cond","sep2025","Autumn 2025","202503","2027",65.1
"WIFO","Oil price in USD/barrel","cond","oct2025","Autumn 2025","202503","2025",69
"WIFO","Oil price in USD/barrel","cond","oct2025","Autumn 2025","202503","2026",66
"IHS","Oil price in USD/barrel","cond","oct2025","Autumn 2025","202503","2025",70.1
"IHS","Oil price in USD/barrel","cond","oct2025","Autumn 2025","202503","2026",66.1
"IMF","Oil price in USD/barrel","cond","oct2025","Autumn 2025","202503","2025",68.9
"IMF","Oil price in USD/barrel","cond","oct2025","Autumn 2025","202503","2026",65.8
"OeNB","Short-term interest rate in %","cond","sep2025","Autumn 2025","202503","2025",2.2
"OeNB","Short-term interest rate in %","cond","sep2025","Autumn 2025","202503","2026",1.9
"OeNB","Short-term interest rate in %","cond","sep2025","Autumn 2025","202503","2027",2.1
"WIFO","Short-term interest rate in %","cond","oct2025","Autumn 2025","202503","2025",2.4
"WIFO","Short-term interest rate in %","cond","oct2025","Autumn 2025","202503","2026",2.2
"IHS","Short-term interest rate in %","cond","oct2025","Autumn 2025","202503","2025",2.2
"IHS","Short-term interest rate in %","cond","oct2025","Autumn 2025","202503","2026",2.1
"IMF","Short-term interest rate in %","cond","oct2025","Autumn 2025","202503","2025",2
"IMF","Short-term interest rate in %","cond","oct2025","Autumn 2025","202503","2026",2.1
"OeNB","USD/EUR","cond","sep2025","Autumn 2025","202503","2025",1.13
"OeNB","USD/EUR","cond","sep2025","Autumn 2025","202503","2026",1.16
"OeNB","USD/EUR","cond","sep2025","Autumn 2025","202503","2027",1.16
"WIFO","USD/EUR","cond","oct2025","Autumn 2025","202503","2025",1.13
"WIFO","USD/EUR","cond","oct2025","Autumn 2025","202503","2026",1.16
"IHS","USD/EUR","cond","oct2025","Autumn 2025","202503","2025",1.13
"IHS","USD/EUR","cond","oct2025","Autumn 2025","202503","2026",1.17
"IMF","USD/EUR","cond","oct2025","Autumn 2025","202503","2025",1.13
"IMF","USD/EUR","cond","oct2025","Autumn 2025","202503","2026",1.17
"OeNB","Euroarea: Real GDP","ann change %","sep2025","Autumn 2025","202503","2025",NA
"OeNB","Euroarea: Real GDP","ann change %","sep2025","Autumn 2025","202503","2026",NA
"OeNB","Euroarea: Real GDP","ann change %","sep2025","Autumn 2025","202503","2027",NA
"WIFO","Euroarea: Real GDP","ann change %","oct2025","Autumn 2025","202503","2025",1.2
"WIFO","Euroarea: Real GDP","ann change %","oct2025","Autumn 2025","202503","2026",1
"IHS","Euroarea: Real GDP","ann change %","oct2025","Autumn 2025","202503","2025",1.3
"IHS","Euroarea: Real GDP","ann change %","oct2025","Autumn 2025","202503","2026",1
"IMF","Euroarea: Real GDP","ann change %","oct2025","Autumn 2025","202503","2025",1.2
"IMF","Euroarea: Real GDP","ann change %","oct2025","Autumn 2025","202503","2026",1.1
"OeNB","USA: Real GDP","ann change %","sep2025","Autumn 2025","202503","2025",NA
"OeNB","USA: Real GDP","ann change %","sep2025","Autumn 2025","202503","2026",NA
"OeNB","USA: Real GDP","ann change %","sep2025","Autumn 2025","202503","2027",NA
"WIFO","USA: Real GDP","ann change %","oct2025","Autumn 2025","202503","2025",1.8
"WIFO","USA: Real GDP","ann change %","oct2025","Autumn 2025","202503","2026",2
"IHS","USA: Real GDP","ann change %","oct2025","Autumn 2025","202503","2025",1.8
"IHS","USA: Real GDP","ann change %","oct2025","Autumn 2025","202503","2026",1.7
"IMF","USA: Real GDP","ann change %","oct2025","Autumn 2025","202503","2025",2
"IMF","USA: Real GDP","ann change %","oct2025","Autumn 2025","202503","2026",2.1
"OeNB","World: Real GDP","ann change %","sep2025","Autumn 2025","202503","2025",NA
"OeNB","World: Real GDP","ann change %","sep2025","Autumn 2025","202503","2026",NA
"OeNB","World: Real GDP","ann change %","sep2025","Autumn 2025","202503","2027",NA
"WIFO","World: Real GDP","ann change %","oct2025","Autumn 2025","202503","2025",NA
"WIFO","World: Real GDP","ann change %","oct2025","Autumn 2025","202503","2026",NA
"IHS","World: Real GDP","ann change %","oct2025","Autumn 2025","202503","2025",3.1
"IHS","World: Real GDP","ann change %","oct2025","Autumn 2025","202503","2026",3
"IMF","World: Real GDP","ann change %","oct2025","Autumn 2025","202503","2025",3.2
"IMF","World: Real GDP","ann change %","oct2025","Autumn 2025","202503","2026",3.1
